Date,actual,baseline,garch,random_forest
2024-03-11,0.007254577457046848,0.007913295660430647,0.008365263754028199,0.0067103368936532685
2024-03-12,0.005603626099871613,0.00822031313333672,0.007784037136833299,0.005494118733947452
2024-03-13,0.006604630035600357,0.007452948891872409,0.00860623795868879,0.006007700375737246
2024-03-14,0.005943775535446842,0.007316495772592219,0.008016259063808172,0.0065348749312340955
2024-03-15,0.0038737200873315753,0.007449733471326918,0.007566783234433466,0.007198774298792253
2024-03-18,0.004921614828287415,0.0074184791196557215,0.007581003479599766,0.005707849246484948
2024-03-19,0.00508801733064115,0.007259382775296826,0.007562638535784138,0.005616289000726473
2024-03-20,0.004983137632087395,0.007416111567118354,0.007458028128052383,0.006117737071908584
2024-03-21,0.004824225492516996,0.0060130228665506045,0.007895271122422038,0.005292565676757413
2024-03-22,0.004891570819443401,0.006043291335313173,0.007489142389950383,0.005420430328358213
2024-03-25,0.005888040444655749,0.0060121723391493255,0.007048837162297772,0.0057283440209543535
2024-03-26,0.005759153380476646,0.006085993216367277,0.006770898192061512,0.005618041025663583
2024-03-27,0.005860432494355933,0.006260044935127611,0.006521379191338791,0.005305697434234458
2024-03-28,0.008882823563121913,0.006206883657105651,0.007149076523450881,0.005180906965610675
2024-04-01,0.00890834610964314,0.00606091831587119,0.006752386101789452,0.0050190768917611666
2024-04-02,0.008354107915765508,0.006324378028520527,0.006456276438765282,0.006586487550698462
2024-04-03,0.009342890156295372,0.005773504086857146,0.006844206379615418,0.005351364773773056
2024-04-04,0.007894237871938074,0.0064521611142813046,0.006494941093631607,0.0075346532135546545
2024-04-05,0.0088494135673955,0.006517354092221789,0.00802463411442087,0.00698720168588858
2024-04-08,0.009466234263699155,0.0063111208901653615,0.00875687300858128,0.008242902421906112
2024-04-09,0.008940818570336002,0.0062968551006612255,0.00810468727202231,0.006603232070791506
2024-04-10,0.008748025531680621,0.0062197326459775965,0.007572131941771519,0.007730059707360754
2024-04-11,0.005760425576404579,0.006426100381085807,0.008100095199121981,0.00614350825741335
2024-04-12,0.004321882368104335,0.00722536051607054,0.00813831031429479,0.008206244644582195
2024-04-15,0.006614581846601025,0.007578952122082732,0.00969032748458503,0.008970932000426483
2024-04-16,0.009083730903442173,0.007410424534776086,0.010213827025487263,0.010518795465098508
2024-04-17,0.008369222788685009,0.007315271284359135,0.009397708710924742,0.00889161779815343
2024-04-18,0.008725066758088358,0.006893846330361885,0.008981189740938866,0.011312155206113884
2024-04-19,0.007110026556397731,0.006930122613668721,0.008350756119714392,0.011374088601375669
2024-04-22,0.006870903468164604,0.0073816406240071845,0.008561322286853558,0.00801217124984507
2024-04-23,0.00969804502441315,0.008017995848001353,0.008707638762971233,0.007540211570434402
2024-04-24,0.009685697249584064,0.008019268665882892,0.009433396702655429,0.007627894078750241
2024-04-25,0.010690069370041763,0.007700016393707714,0.008690665725800066,0.007697993349725573
2024-04-26,0.011243632574045944,0.008141817301828318,0.008269934015868402,0.006624617545626949
2024-04-29,0.011995919355545448,0.008206645770021588,0.008749928650370898,0.005504444501257923
2024-04-30,0.006718986458919823,0.0087461065581778,0.008207716416252814,0.008611003122849981
2024-05-01,0.005601492089662084,0.008729752248881706,0.01003689386779128,0.007763366847402273
2024-05-02,0.005447588746604006,0.008689268282185152,0.009320845004687583,0.005645987996548412
2024-05-03,0.004141305154997809,0.008797961613842257,0.009369979939348756,0.005677984168639793
2024-05-06,0.002128858217988634,0.009136927366019886,0.010043437510399308,0.005737635427045476
2024-05-07,0.002563766508015045,0.00913598529005144,0.010140014001829461,0.005786765624434132
2024-05-08,0.004530556485482455,0.008870764324162488,0.009320794191679159,0.0055215525184905394
2024-05-09,0.005389160210227659,0.008786467982840544,0.008597834719403594,0.005381632424155724
2024-05-10,0.0054273002331204434,0.00806784380474396,0.008242087323196865,0.00544993117397431
2024-05-13,0.0052736745086273745,0.007471806463667398,0.007699442830693015,0.0056853698189668535
2024-05-14,0.0052069268482409295,0.007455274000498863,0.007205891459657051,0.006246478105297375
2024-05-15,0.0022424310955257492,0.0075279142351805176,0.007069198102633705,0.007173399766859136
2024-05-16,0.004016382023454757,0.007523553338760375,0.008204419953232876,0.00655396526864161
2024-05-17,0.005430590896362699,0.007030732224375098,0.007686150795704409,0.005263107562974528
2024-05-20,0.005412302961542724,0.006929512440172644,0.0072124259306407005,0.004681169809890452
2024-05-21,0.006009813300740112,0.006597094141160177,0.006804340430632123,0.00451785201462202
2024-05-22,0.006272535019405832,0.00668027604691569,0.006529549076228277,0.005360446950358762
2024-05-23,0.00711666183622058,0.006860019477832663,0.006316070304016879,0.006708907710420773
2024-05-24,0.006176307787283273,0.0066990388563303895,0.006761226702392325,0.005175535174698806
2024-05-28,0.0062546904639215395,0.006703265681463105,0.007020991236437513,0.005335282221774324
2024-05-29,0.006860952250737313,0.00572440279802182,0.006631868829249071,0.007630252440088701
2024-05-30,0.005189044079550639,0.0058840148941524464,0.006993914416521696,0.008873312387870737
2024-05-31,0.005227127358356072,0.005820706262811792,0.007049224835617973,0.005739233631983547
2024-06-03,0.005162704655546283,0.005279990417570257,0.007417109842795373,0.0060324715178615325
2024-06-04,0.005108465828201688,0.0048600415898671125,0.006980233283039647,0.005638639465094839
2024-06-05,0.003742494032676064,0.005420288096538547,0.006625162501500861,0.005241248661343827
2024-06-06,0.003447230830009158,0.005423444259083621,0.007930228277738961,0.005366146646749928
2024-06-07,0.003240924892883076,0.005389213377442197,0.007402432567206935,0.0051205572807798624
2024-06-10,0.003767913835343324,0.005396751407437924,0.006969855235468983,0.004981905256527375
2024-06-11,0.003786885513935898,0.005392550943200518,0.006672785878442326,0.005009739436096057
2024-06-12,0.0038192863034889617,0.005570985653614595,0.006434510980188106,0.005252010257617341
2024-06-13,0.004099079868524892,0.005055407124161929,0.007045381606322294,0.0070055879331086665
2024-06-14,0.004503120551380809,0.005012111563277729,0.006720847229909759,0.004689810159535496
2024-06-17,0.003158919788549925,0.005210945694062655,0.006381190294965239,0.008008070514394684
2024-06-18,0.002982918732699016,0.0052125595030899936,0.00684403539231021,0.008142860786067022
2024-06-20,0.002736089523149126,0.00529050623753872,0.006563305619162949,0.005190620118498716
2024-06-21,0.0033450513089391806,0.005249618071549965,0.0063309359531957,0.005073806428795367
2024-06-24,0.0030667479174847326,0.004944519112276917,0.00608480852674757,0.004455253776666958
2024-06-25,0.003703166963260286,0.004817962756772474,0.005978193696697633,0.004535156993322666
2024-06-26,0.004047415584933924,0.004808552610651634,0.00597539098881843,0.004644713973431529
2024-06-27,0.004203998986995568,0.004325940344801768,0.005788718726116764,0.004731310469327887
2024-06-28,0.0021552150207604587,0.004158519009727311,0.005609495474152877,0.005038582450205403
2024-07-01,0.002597039191118367,0.003925377702739382,0.0057007611085553855,0.004468909117872941
2024-07-02,0.0038555207173462222,0.004037869994066742,0.0056304146626221414,0.004615619846621245
2024-07-03,0.007020038062289888,0.004089038595702903,0.0060228678436636774,0.00439622955306857
2024-07-05,0.007029103472156361,0.003518903691091253,0.006150360251185232,0.004301650633994022
2024-07-08,0.0070301243534286306,0.0034901537237699586,0.0063006985179580735,0.004455669672338933
2024-07-09,0.007209605362487886,0.0034266705249685054,0.0060341278541813205,0.0044300411286839
2024-07-10,0.009216154273816427,0.00387174341198382,0.00580532443527652,0.005078514451098483
2024-07-11,0.009038550300586385,0.004619899418146835,0.0069799693258013225,0.005451530372240598
2024-07-12,0.008357447330091,0.004442493215314197,0.007510821104592249,0.004528475625187819
2024-07-15,0.010451537991120046,0.004447095149999175,0.0073905835189348075,0.0043818574801668675
2024-07-16,0.00933250909760262,0.004529066024828902,0.007034099004929784,0.005908813641666204
2024-07-17,0.012327963611355422,0.00560389228506088,0.007128457049892435,0.009581844033122794
2024-07-18,0.012277719576099504,0.005929823423983411,0.008832413207011653,0.00768139405397645
2024-07-19,0.0141458473697157,0.006142219677974697,0.008778802006378407,0.00916832299495718
2024-07-22,0.012579187726541142,0.00654899390420674,0.008637469901584949,0.00787955761208527
2024-07-23,0.012529283955723019,0.006509332395168474,0.009129404095397784,0.009311173064091922
2024-07-24,0.009470030396499449,0.008443075495389321,0.00845224159704707,0.011974006390011076
2024-07-25,0.011909838400130199,0.008494796926383847,0.012410412334299417,0.00968786665018921
2024-07-26,0.013402193676427825,0.00888942834109833,0.011468018537746583,0.008414125959347601
2024-07-29,0.017234646450248234,0.008844449042725843,0.011393216281680227,0.009128322897831035
2024-07-30,0.01962763324292978,0.00888924251572145,0.010397466501717861,0.00959529589366017
2024-07-31,0.015007902843576663,0.009489539518323778,0.009743178864503729,0.008288964735405942
2024-08-01,0.021467471828813187,0.009899833433364529,0.011016991141609438,0.011721350977703686
2024-08-02,0.020204369587288856,0.010534610248678742,0.011542837394761994,0.014068483383175684
2024-08-05,0.011476608482476173,0.012261994173782282,0.01299223137289067,0.018150798888723233
2024-08-06,0.01239692780494928,0.012620952566099599,0.0172619701222401,0.013594922260256149
2024-08-07,0.009662247774987687,0.01226007227686776,0.016097740905591434,0.01938148869921033
2024-08-08,0.007608383623867181,0.01357424029115682,0.014855854641808976,0.012570710260235497
2024-08-09,0.00800678650282535,0.013549644894842333,0.0163965770653102,0.01402540169999359
2024-08-12,0.006762465764383261,0.013506642780010084,0.014895452989533112,0.013925775124270139
2024-08-13,0.0070391343853998985,0.014055207366492047,0.01345452852910265,0.011228163944614645
2024-08-14,0.007010866788528533,0.013822547484957811,0.014002821131845424,0.012025544405478997
2024-08-15,0.00698306233182735,0.01424188465581558,0.012768645057410771,0.010706833966807583
2024-08-16,0.008442042938236353,0.014146661265325886,0.013335767776161706,0.010817469593265976
2024-08-19,0.007781985696338844,0.014108056800235911,0.012114484825930501,0.012739627006812285
2024-08-20,0.0076823770901297715,0.014111490322379776,0.01171524535429581,0.010969734391530676
2024-08-21,0.007970224505287327,0.0129658308574894,0.010697143811857584,0.010743293983253572
2024-08-22,0.006631316898759217,0.013100285228725887,0.009929651484948107,0.01019229731002087
2024-08-23,0.006084866043070979,0.013115341146363245,0.00983388626096249,0.009047562954997587
2024-08-26,0.011689396945869067,0.013157601541791535,0.010183956921151937,0.010509134251456205
2024-08-27,0.011449638596176643,0.013072299070635342,0.00942317200160507,0.008827438342080012
2024-08-28,0.011383867758471387,0.012748378095478748,0.00869718861657481,0.00957019857106427
2024-08-29,0.012747234466270518,0.012292596690318226,0.00841855674067991,0.00721376322898695
2024-08-30,0.013237100205653315,0.011497215694145142,0.0078062894167265275,0.007416321373170678
2024-09-03,0.010723560311485206,0.010231414521370955,0.008387031859618666,0.012773067698870296
2024-09-04,0.01193448776458096,0.01014236962848389,0.011747567736003101,0.01183376582732031
2024-09-05,0.011921986662079385,0.00994065877745982,0.010716722424715427,0.013398400916427678
2024-09-06,0.003109656633979882,0.00975818338407615,0.009881502419190558,0.01252541155269222
2024-09-09,0.003482043918390318,0.010016634693147859,0.011555351011006425,0.013117619878011941
2024-09-10,0.004305281826425215,0.0100391139442416,0.01154725324219056,0.0134763233603033
2024-09-11,0.0041397251363433545,0.009633956165686786,0.010685254285944721,0.008288938823989142
2024-09-12,0.007674981453261246,0.009722530887763156,0.010702311881319595,0.007948697919689988
2024-09-13,0.008073432157699331,0.009148856546412034,0.010260339774255738,0.005489818352538243
2024-09-16,0.00803367344432533,0.009145071122466627,0.009665244317390931,0.006480286517844315
2024-09-17,0.007903443957237199,0.008897984084683948,0.008907850919811474,0.005511525088276844
2024-09-18,0.0077057900290175676,0.008912327987662446,0.008238107735716567,0.005832401197236767
2024-09-19,0.0028070045559087397,0.009629901270787103,0.007752308794850412,0.0068340296563040755
2024-09-20,0.0026312407039913873,0.009378712106025441,0.01000034190035718,0.006677765172039966
2024-09-23,0.002904708611736112,0.00907626396860564,0.009223942292860108,0.005825722681835636
2024-09-24,0.005553033893522637,0.009036529302528195,0.008594986713667733,0.005739123188766272
2024-09-25,0.005533438145194627,0.009058066974856829,0.008041199480876823,0.005846089777521609
2024-09-26,0.0049357935102386135,0.00893595545848733,0.007538085915028,0.005477328809849795
2024-09-27,0.006841440627545351,0.00895002040053415,0.0072580222375759895,0.005537586806461307
2024-09-30,0.007683736265292622,0.008742798298966913,0.00684964792330361,0.005453473117439586
2024-10-01,0.008022186776798675,0.007440310069339257,0.006711220902512982,0.00713831860342268
2024-10-02,0.008328033622811806,0.007410963099747871,0.007430992312693907,0.0067681592321861585
2024-10-03,0.008382890391668117,0.007372102057487186,0.00697951764274538,0.006931904422148447
2024-10-04,0.007941021155235933,0.005991661681572938,0.006631968077230077,0.005148747976354027
2024-10-07,0.004524962774915358,0.006282215122636932,0.00728086537920271,0.00768723651156405
2024-10-08,0.0067758609948134025,0.006491760407855183,0.007897868569676506,0.005547059565992927
2024-10-09,0.006417973376545113,0.006298715558042567,0.008360523867856538,0.005313138966543913
2024-10-10,0.006188323242225847,0.006231486688385827,0.008292339739810728,0.005819328148103736
2024-10-11,0.005924159228871881,0.006253503131965614,0.00775962000154069,0.005408814949320174
2024-10-14,0.004975134563915731,0.0063953610834661945,0.0076640841836250785,0.005398373013728935
2024-10-15,0.0028937098060991795,0.006741299438130236,0.007829754973322086,0.006196965029559455
2024-10-16,0.004810770464703629,0.0066888825650808096,0.007953084372292063,0.0055144277867323795
2024-10-17,0.005080219404428743,0.005706882965317056,0.007663753162097207,0.00575378970166529
2024-10-18,0.0043221969824427395,0.0056935984230993865,0.007178068743203794,0.00539959050765386
2024-10-21,0.004789093779227826,0.00572754031738022,0.006954771099210885,0.00618262929505139
2024-10-22,0.004939691713379971,0.0057297066166749795,0.006617574296447446,0.005396154197924548
2024-10-23,0.002431953899539903,0.006146838456501146,0.006293886119430818,0.007214677331493272
2024-10-24,0.00877392144047555,0.006106607569759574,0.007099258290298568,0.006424733554085388
2024-10-25,0.009387123969740906,0.0060954195296732076,0.006754460855140022,0.00751222153933016
2024-10-28,0.008907385286096718,0.006056127081029398,0.006407918165182012,0.00656142303533876
2024-10-29,0.01142705128331293,0.005591828600685246,0.0062094794177725236,0.005841531359950752
2024-10-30,0.016379396204418643,0.005674636974768991,0.005984721719908882,0.006122560334860066
2024-10-31,0.010389585056648196,0.007175806746895951,0.005916473075435499,0.010173770316450025
2024-11-01,0.010431486185473671,0.006937983742642566,0.009514273358468637,0.008398753945179459
2024-11-04,0.00944075864325796,0.006609593887619737,0.008924677990916364,0.008694333864338238
2024-11-05,0.010819576478060864,0.006823389948151845,0.008343871637496655,0.008161198755118398
2024-11-06,0.0038849562981801873,0.008683359384366126,0.009195507334199026,0.006082790609695754
2024-11-07,0.0037763640728338513,0.008755427170270317,0.013272045188373278,0.0054555021816734195
2024-11-08,0.0057922424909518915,0.008709920288881816,0.01240951151910739,0.005474475440854774
2024-11-11,0.006549722734363657,0.00858896581302854,0.011391038081101557,0.005875553038424866
2024-11-12,0.007401205152987135,0.008395619995673637,0.010411690239269475,0.005976504999055522
2024-11-13,0.007384138197914115,0.008364108390681023,0.009625462702029937,0.005647076554204396
2024-11-14,0.007680619942891975,0.00851782163922763,0.008871863978233297,0.006754167702625914
2024-11-15,0.0019794973189702614,0.00904986329236076,0.008579100224376274,0.009160149102976363
2024-11-18,0.001954807553223611,0.009078127201530267,0.00961601844617383,0.00855656267678786
2024-11-19,0.0022656507941901756,0.009111260070558453,0.009004568697898861,0.007223137615960365
2024-11-20,0.003839401781760858,0.008818020612999047,0.008488148745338136,0.009151787690356702
2024-11-21,0.0038857314295341577,0.008867908385686142,0.007890688261201657,0.006281399658024409
2024-11-22,0.003868564362552513,0.008874743748941115,0.0076864373382464594,0.006344861830445496
2024-11-25,0.003966765505144213,0.008877915843534532,0.007338343533483652,0.00627191583256333
2024-11-26,0.004043613630717265,0.008930403284124505,0.007013756294002236,0.0054656554391149005
2024-11-27,0.0033671291976149196,0.008945610915431983,0.007023940705776915,0.0058590226281708905
2024-11-29,0.002917793680309584,0.007582963132721763,0.006817741163253545,0.005471940962077385
2024-12-02,0.0045859698872009955,0.0075770488124982304,0.006853145557753206,0.004844063093698045
2024-12-03,0.004787521947026118,0.007486447858967628,0.006571617133964422,0.004907330967737207
2024-12-04,0.005536713191184666,0.007204119820280082,0.006261641296150133,0.004946340460241772
2024-12-05,0.006031597803398743,0.004957360731373628,0.006481950368625525,0.004546053852947609
2024-12-06,0.005789557337541116,0.004752154428508865,0.006230259969206665,0.004578855414071959
2024-12-09,0.0053933007299748065,0.004959541896830447,0.0060583307247247,0.004511040408857154
2024-12-10,0.005559455970716073,0.0050167453880888046,0.006346722068793744,0.004951246058243007
2024-12-11,0.013260808798015795,0.0052500714282045485,0.006188423025811559,0.004952248862383143
2024-12-12,0.013557790143180124,0.005433411189838053,0.0067974133387183845,0.006455534315094526
2024-12-13,0.015512986289528314,0.005209597744139588,0.006814045304291108,0.006393882825317608
2024-12-16,0.016018676168083723,0.004037747932987695,0.006460451583220045,0.004604953432736626
2024-12-17,0.017223006870507804,0.004186119485854412,0.006353772686212607,0.005443106139427099
2024-12-18,0.005846749525656495,0.008095348250988807,0.006275065767075051,0.013584317041891694
2024-12-19,0.009387373747155217,0.00809546018921922,0.013557179462951265,0.01093550696347509
2024-12-20,0.010119230788839464,0.008388097433931936,0.012283352362281815,0.009487106468274845
2024-12-23,0.009082124908608824,0.008516234794679592,0.01200724474581734,0.008749188309074514
2024-12-24,0.0049244611139039095,0.008842803754715921,0.011329064077695588,0.006410043647561895
2024-12-26,0.009604811663295663,0.00875636061375023,0.011263887571020531,0.006621852055687317
2024-12-27,0.009030993746377707,0.009076159532404513,0.01030051436721792,0.007892250576798467
2024-12-30,0.009154716875817674,0.009258462559270491,0.010469327481398037,0.00939288441698243
2024-12-31,0.00882535764169707,0.009247157497685796,0.010542037641665239,0.010708257599259615
2025-01-02,0.011677440539554872,0.009238510629585759,0.009826428860222761,0.011646158140450622
2025-01-03,0.009168183308388742,0.009623343638945127,0.00909716072188236,0.009704184992897737
2025-01-06,0.008240354946310178,0.009737441465480329,0.009814496784216128,0.007545475859726601
2025-01-07,0.011908662337575269,0.009968556849218014,0.00931224745989898,0.00995714305125317
2025-01-08,0.012007700347105929,0.009928334455866203,0.009710128118722763,0.008991673529743217
2025-01-10,0.008242441007667401,0.010435619166083147,0.008975575604601547,0.014204660843137332
2025-01-13,0.007954795623162862,0.010209232682635176,0.010401792813671233,0.013150235163689301
2025-01-14,0.007296922275233864,0.01020159035421941,0.009574973366518795,0.012568754542499554
2025-01-15,0.00470439222648241,0.011130453713022997,0.00885092613658912,0.0086813443596226
2025-01-16,0.005011120489829981,0.011079236396156603,0.010977911958904385,0.010477949172538014
2025-01-17,0.009543349701064461,0.01132764681438996,0.010093743483132404,0.008195320332459562
2025-01-21,0.009640773557608217,0.009113007123819693,0.010109515008101025,0.005392863478333289
2025-01-22,0.009302357550863422,0.009151921219937601,0.009940888993166098,0.00540178158343876
2025-01-23,0.009295396647794593,0.008948146197620825,0.00948139677998256,0.00542009229729215
2025-01-24,0.009423488686661392,0.008894734145068287,0.009014630821765542,0.005715879597434473
2025-01-27,0.00734956988730459,0.009232272010004533,0.008436049157875254,0.007215952051415956
2025-01-28,0.006719049445930165,0.00946826707824026,0.009814760426173264,0.005983860978378177
2025-01-29,0.006632778389879211,0.009166446066667722,0.00976729905285015,0.00716724275171127
2025-01-30,0.0063909404265098104,0.008817633574822799,0.009203823518634066,0.006821440164382841
2025-01-31,0.0075479322439539545,0.008845141093941683,0.008779137179522134,0.0075121874495492
2025-02-03,0.006838542477700578,0.009040356345650362,0.008404002672197486,0.007152516495708727
2025-02-04,0.006297682438455947,0.008759531350200961,0.00840771120371979,0.007364373692524984
2025-02-05,0.006234768965307585,0.008720898200077858,0.00834867438655154,0.006565230586143727
2025-02-06,0.007826240786836913,0.008276293901114984,0.007941606410976649,0.006619934192008368
2025-02-07,0.005414252196592309,0.00863147766073962,0.007578940946351007,0.007780070599530602
2025-02-10,0.004991644762978823,0.007794366863226678,0.008078063727926008,0.005721556584992104
2025-02-11,0.004897259046074341,0.007802911192232997,0.008013735554022558,0.006483804940935597
2025-02-12,0.005358306369693094,0.007871723532030308,0.007501858289993011,0.006546478632144207
2025-02-13,0.008218632051498661,0.007181456229661924,0.007147239465359159,0.00585027355572924
2025-02-14,0.008018099293443935,0.00714372324370812,0.007929674075409485,0.005611952152919404
2025-02-18,0.0070896741452557525,0.006867186957378883,0.007429198443816416,0.00542222532314379
2025-02-19,0.006492364387671825,0.006638582852385796,0.007070187659906985,0.005225381320094889
2025-02-20,0.0076399358400519694,0.006607738914320458,0.006764689770271431,0.0056188316182204994
2025-02-21,0.01151952300216583,0.007552919081532708,0.006669252823138972,0.008467710986248983
2025-02-24,0.013587539081941564,0.007597111958425204,0.009346072459309396,0.009018817348240699
2025-02-25,0.01403231964237308,0.006948666893510307,0.008872407254064822,0.009182160760041823
2025-02-26,0.015961654351399478,0.006571550554537125,0.008450085788982896,0.010612921972109257
2025-02-27,0.016359633797646447,0.007351643083056082,0.007880648130629211,0.010567540748297072
2025-02-28,0.013654289547542955,0.008183489194524439,0.009740952220631576,0.008142195838779119
2025-03-03,0.016118645681270735,0.008971640523410906,0.010962660213823767,0.009733899439924951
2025-03-04,0.015955614460355573,0.00919506591784598,0.012309548031285205,0.011216425413369825
2025-03-05,0.014324812902288488,0.009434930643297926,0.012259754871149268,0.01162054017348396
2025-03-06,0.013765317310697224,0.010009275942859337,0.01203202968025958,0.014786948624051718
2025-03-07,0.018450769885749386,0.010080350066488416,0.013133862426807343,0.014159269287504014
2025-03-10,0.013581574640054443,0.011419448928443337,0.012150594401631642,0.01609634998366774
2025-03-11,0.014197447828098668,0.011190654910134998,0.015605118574837616,0.013922564675921848
2025-03-12,0.014774291822527203,0.011333600719649081,0.014444363405939506,0.016429198120409935
2025-03-13,0.012152607748007836,0.01154359840288938,0.013247210695306728,0.014025571737669147
2025-03-14,0.008235910782708782,0.012479976866266475,0.01328982548451058,0.015382074591410817
2025-03-17,0.011059991972898737,0.01267089577289773,0.01474213657819574,0.015703782819935945
2025-03-18,0.008177316243355506,0.012675041137820128,0.01360962612114037,0.014248549416485347
2025-03-19,0.010384940975419393,0.013042667910329202,0.013093351406513642,0.014200348814385358
2025-03-20,0.0104909557647907,0.013048319031933863,0.01266917664725611,0.012104091951383133
2025-03-21,0.014100076797413739,0.01269557117963609,0.011578138637735434,0.012429076432978404
2025-03-24,0.010215117096708312,0.013477647412142838,0.010591855578651247,0.009534298141035201
2025-03-25,0.010633576383574036,0.013480588478979398,0.01198576630524062,0.00950361695762162
2025-03-26,0.011040622668093799,0.013645196168430832,0.010967156965164442,0.010052199381003825
2025-03-27,0.024364922696591528,0.013254274760067615,0.011010725263633852,0.010488144045130028
2025-03-28,0.03366405796303754,0.013219463928569073,0.010181964449328184,0.012179931083442343
2025-03-31,0.0323898937985682,0.012895067411784042,0.01229701540465745,0.01078916316530643
2025-04-01,0.0297815127779391,0.012723599182944247,0.01144037384798886,0.010855871693827063
2025-04-02,0.060162387525219754,0.012535400847225967,0.01058418550030149,0.010225427790116823
2025-04-03,0.05796081383038017,0.01618762362136954,0.010088104526823944,0.015052603747213207
2025-04-04,0.04864389140076697,0.02065569149317631,0.021795419474210775,0.0662698887743276
2025-04-07,0.04815031575218928,0.020071613950980983,0.03190304290010989,0.021306368027804126
2025-04-08,0.04641183214951289,0.020207679163837172,0.028630935928075057,0.020772116102457293
2025-04-09,0.02186977851767986,0.029547761671851587,0.02651597544747024,0.06760704728824443
2025-04-10,0.015007900663258437,0.030397294521440618,0.04437203687620203,0.06578642325701213
2025-04-11,0.014539194894610903,0.03027896470783169,0.04226670024872134,0.06508009111977546
2025-04-14,0.020029966945177374,0.030304337112828476,0.03854839928613957,0.06508009111977546
2025-04-15,0.022190290648194402,0.030241642117891144,0.03469496179490988,0.06498936359966022
2025-04-16,0.019743207065371766,0.030423979711464988,0.031122735986709858,0.01731235007977079
2025-04-17,0.019432893695439397,0.03044300920046349,0.029423884838176102,0.02003303385545428
2025-04-21,0.009778998779654324,0.030757941812896025,0.02640989342054769,0.0204414461924029
2025-04-22,0.008001187206881009,0.031077651978218834,0.02564416652623985,0.0203293353465476
2025-04-23,0.007793857065832415,0.031405524491669896,0.025171223605858595,0.02133076782515303
2025-04-24,0.0030312512621191953,0.03178232158656261,0.023596403680170755,0.01669941510542482
2025-04-25,0.005551863363824142,0.03184900262739223,0.022737755229147533,0.016530984279699387
2025-04-28,0.007666313481084968,0.03155308002102804,0.02064886668775965,0.0159278070663709
2025-04-29,0.009251328947442213,0.03155575756688034,0.01855728489495243,0.015804418297920505
2025-04-30,0.009326069431518813,0.0315437328193898,0.01685155673181116,0.015743845216965723
2025-05-01,0.009274587885379968,0.03153870013562401,0.015163959855922473,0.015641105125460807
2025-05-02,0.006102048528518037,0.029488597048822687,0.013896512216111054,0.01591496909308483
2025-05-05,0.015095409007793466,0.02547007193563933,0.013960848806598451,0.012787463094655867
2025-05-06,0.012823009743988182,0.025584207803501093,0.012886352021999736,0.012302007899822569
2025-05-07,0.013250104931686924,0.02510871031461228,0.012100127822693738,0.011192123791768318
2025-05-08,0.013373255130408985,0.015268150859832717,0.011120844464001427,0.00840634475957139
2025-05-09,0.012422822729544586,0.012568082382155345,0.010403809105527574,0.00825926841057639
2025-05-12,0.003077763009305278,0.013755480239278571,0.009497253282961329,0.010808729522840134
2025-05-13,0.0040634357800458185,0.013746770141178507,0.01584347210629876,0.012095097324792166
2025-05-14,0.009122264174455996,0.013697351668059712,0.014670180011363523,0.012029158621341579
2025-05-15,0.008616000939883076,0.012132442006592112,0.013347198514783972,0.010643012000679792
2025-05-16,0.006819481632217087,0.012090093474068914,0.012281453490557507,0.011066757002640414
2025-05-19,0.01346636545746415,0.009949961858988483,0.0115723091805721,0.007269514665920128
2025-05-20,0.013565416271595358,0.009335601850235168,0.01060549993964197,0.006693961088226041
2025-05-21,0.010914320886224408,0.010196435216282676,0.00987322982764581,0.010704989810020481
2025-05-22,0.010892650495756809,0.009524728118303932,0.01122978271720929,0.010157117580028775
2025-05-23,0.009634314350885458,0.009716902819076747,0.010307452527873497,0.011994218483590686
2025-05-27,0.004581565970424885,0.010483890274254726,0.009873774340073535,0.010198266699260801
2025-05-28,0.002634076458756867,0.010656487501010859,0.012216376984892877,0.012099800718402937
2025-05-29,0.004301904346778743,0.010654178439771003,0.01140085122482733,0.009183555933705819
2025-05-30,0.005884266506102416,0.010645730376399735,0.010584470512740711,0.009375531713478255
2025-06-02,0.005904936155040617,0.010277803547772064,0.009745865953605722,0.008803431350311471
2025-06-03,0.005860491162381517,0.010104177038934258,0.009159010108991127,0.00834768361970995
2025-06-04,0.006248935544789808,0.009825225739549184,0.00880944271476375,0.007277880115270783
2025-06-05,0.004871509091318112,0.00999806776803502,0.008195023475060398,0.00875939926228414
2025-06-06,0.006686993402589257,0.010119751252699042,0.007951896872844193,0.00724556999494464
2025-06-09,0.008129831798706223,0.010095782177237606,0.008510024560307052,0.007384392178928178
2025-06-10,0.008536691625364076,0.007477197336431434,0.007946912820950492,0.0051872541936189365
2025-06-11,0.008543402471279039,0.007417414240819848,0.007767714832646191,0.005658027068920337
2025-06-12,0.008037980335019353,0.007441345896151429,0.0073809044551669265,0.005013113735101983
2025-06-13,0.007763746691718758,0.00791992658664106,0.007132796566135483,0.008376191684375518
2025-06-16,0.008215061204623899,0.008038645686814394,0.008146801506958307,0.005735573456506397
2025-06-17,0.00618201502320409,0.008286358883272173,0.008493992346037527,0.007665585439823365
2025-06-18,0.005971813294486729,0.008232816936394369,0.008606464828956073,0.008398130350367116
2025-06-20,0.00435900212543566,0.007285484011040832,0.008022947201466311,0.00758761279699915
2025-06-23,0.004088991396915484,0.0075177433997465045,0.00756991640540017,0.005716130662734135
2025-06-24,0.0038526664784795527,0.007539682265455235,0.008090760984504739,0.005671977989966707
2025-06-25,0.003341399301255291,0.00627432742586535,0.00877451334788324,0.005560488540068586
2025-06-26,0.0034283530070691602,0.006210344755902972,0.008167333370456841,0.00535767559015357
2025-06-27,0.006415241307679438,0.006235512503135884,0.008283824074854585,0.005541677461548515
2025-06-30,0.006189754193748297,0.006246323322972979,0.008018812696427138,0.006093288978288278
2025-07-01,0.006495827531818559,0.006281504018664494,0.0077929345461189795,0.005380998038489281
2025-07-02,0.006353021051688891,0.006253961293091433,0.00733607762924952,0.007470764335675177
2025-07-03,0.0053810223089378805,0.006382557072711797,0.007184403641338977,0.007736567713947442
2025-07-07,0.003529394297019248,0.0065737991328905995,0.00756741089705667,0.007264142480317595
2025-07-08,0.004211260587624705,0.006338204553916582,0.007794725179545004,0.00576605174186387
2025-07-09,0.0034018032503359053,0.006402205389190226,0.007329172641079443,0.005341510910475788
2025-07-10,0.0040634884826510065,0.006355535585177785,0.0073334871051875476,0.005205976240447863
2025-07-11,0.0035224000603942783,0.0063783648247056225,0.007014759795800335,0.006096773842490949
2025-07-14,0.0035222691090509234,0.006363700605581122,0.006786368414143529,0.005049530904051983
2025-07-15,0.00219310113241266,0.005742374435008967,0.006487035060270794,0.005731257984324377
2025-07-16,0.00339586132953041,0.005497810632883346,0.006408130232889949,0.00512377581358173
2025-07-17,0.003227792088465046,0.004982386201799154,0.006273126821213443,0.004748985215754875
2025-07-18,0.0030492093976755416,0.004975984209759901,0.006398437450242756,0.0051761186780808835
2025-07-21,0.003242043402578129,0.004858968100161133,0.006133257732314815,0.004543823436114921
2025-07-22,0.0040904936631466,0.004603924623542117,0.005936039105610842,0.00452684607563112
2025-07-23,0.0025748700883976372,0.004325780636011514,0.005749245983015351,0.004509945288470628
2025-07-24,0.003040041673867239,0.004310286141232748,0.006401690485899381,0.00453067422725008
2025-07-25,0.006521458995375895,0.004114300423749443,0.0061404787313835505,0.0044206522012894675
2025-07-28,0.01095756118303802,0.004059886182582512,0.006124106069575535,0.004465744823062669
2025-07-29,0.01103748180814407,0.004104724858398726,0.0059002985503735905,0.004328402252990787
2025-07-30,0.011857546157211412,0.004108925079900092,0.005834344011314997,0.004457959662494147
2025-07-31,0.011735784280525133,0.004171742067820337,0.005678152570955188,0.005044356383014545
2025-08-01,0.007686125020931088,0.005307881794330008,0.005721865003451125,0.00915746050500742
2025-08-04,0.005793506194843589,0.0059671487834816765,0.008526814960650098,0.006845035817860099
2025-08-05,0.005945375565573267,0.0060934842744217645,0.009886825292295757,0.007772493950233411
2025-08-06,0.005765897169872701,0.006156283157123392,0.009329871467746428,0.005905140324620347
2025-08-07,0.005564209409922967,0.006143799601736317,0.009118745390770412,0.006494865893408543
2025-08-08,0.00580504349946807,0.006283045815568309,0.008468617104606486,0.005995043163640127
2025-08-11,0.00543852815444444,0.006331314558895035,0.008489078225589239,0.0060712302910087244
2025-08-12,0.0034538237329574976,0.006634295819041086,0.007983375529424793,0.00532964214093454
2025-08-13,0.002486310750070462,0.0066347606066971985,0.008733642018726253,0.0052320548127914555
2025-08-14,0.00212167356212912,0.006579830397093505,0.008232869476703404,0.0053634205559349585
2025-08-15,0.008401264220847146,0.006641743669121811,0.0077016277174674005,0.006159277328447252
2025-08-18,0.008682356244357085,0.006647849586415482,0.007336013779819842,0.005240917956054674
2025-08-19,0.008217849274947973,0.006830029890013212,0.006931560917893399,0.006836349199028351
2025-08-20,0.007888380675525627,0.006660317965971011,0.006990962274463414,0.006659806562646137
2025-08-21,0.006970837362936459,0.006728030294040273,0.00670782731738869,0.006649524296925156
2025-08-22,0.004793869016052793,0.00748382781398868,0.006594062743275616,0.0059219500108347485
2025-08-25,0.005462842811522349,0.007563155453036984,0.00870116088299576,0.006777631220474807
2025-08-26,0.005689199405340136,0.007564011703584057,0.008281230990104964,0.005761340025090981
2025-08-27,0.0069339996206985235,0.007557358281287133,0.007915487472575809,0.005734414976834544
2025-08-28,0.006937222713657437,0.007491736710105349,0.007490350639386428,0.005691670921134264
2025-08-29,0.006162200908022376,0.00656320312819759,0.007175782427380833,0.006355363638852299
2025-09-02,0.004229228016203401,0.0060910736830418095,0.007258762722178668,0.006416788153304555
2025-09-03,0.004071716302784662,0.006020822453582836,0.00740032741263531,0.006066464893996894
2025-09-04,0.004120528836123346,0.006081349839431354,0.0072742503806654864,0.005305318098610529
2025-09-05,0.0032645508652700468,0.006145623223359179,0.0076304373631410245,0.006546598683533331
2025-09-08,0.0032632763388697446,0.005949645700895951,0.007294526519555593,0.0054429406611934275
2025-09-09,0.003969227747138314,0.005909945104149723,0.006948576262831841,0.005250742843273646
2025-09-10,0.00431979598916218,0.005427555949378157,0.006688775885382534,0.004990594256627211
2025-09-11,0.0031084451750297056,0.0056772865985442195,0.006491256430584772,0.005304713012333198
2025-09-12,0.003240680142541988,0.005684541443213705,0.007062467634870835,0.005495136177447832
2025-09-15,0.003191106594305636,0.005671894143425718,0.006702587468728861,0.005151609593336535
2025-09-16,0.0046336381886793515,0.0056931491785918754,0.0066598543835921465,0.004984973919489853
2025-09-17,0.00495095051359872,0.005473402072772665,0.006378234824571342,0.004829840570298174
2025-09-18,0.005087013922049244,0.005441318074750546,0.006131459282484871,0.0047988226907664374
2025-09-19,0.005381607163958169,0.005301613029968006,0.006208584753913057,0.004755290513755803
2025-09-22,0.005014730495891553,0.004405206873521908,0.006281552718268105,0.004508983352692782
2025-09-23,0.004666282600385203,0.004501908971223919,0.006284703678497071,0.0042698337549316925
2025-09-24,0.004209632523137305,0.004570699165852388,0.006424525247026769,0.004476525119538458
2025-09-25,0.0019323979066497633,0.004774711621323189,0.006259655653580907,0.0053998619490153435
2025-09-26,0.0017468648420013917,0.004879221087149531,0.006339399297574563,0.004492761005221586
2025-09-29,0.0018690548823263947,0.00455624799844759,0.006517765366199456,0.004712406431906071
2025-09-30,0.0030289347809113634,0.0041229692676618464,0.006321215178192836,0.0042128918020799795
2025-10-01,0.0036744147946974103,0.004075148332182565,0.006281122604993453,0.004398959705329715
2025-10-02,0.004107564997688239,0.003801767375153679,0.0061828629264769315,0.004352761237312983
2025-10-03,0.013262034833991746,0.003653428773891136,0.005955908801866468,0.0042121871536825286
2025-10-06,0.015956006199518393,0.0036767679284277917,0.005759886786076672,0.004344135041716233
2025-10-07,0.015943206512401886,0.0038811724866646058,0.005779909248775993,0.00446640836346241
2025-10-08,0.015739550304967754,0.003987130488038445,0.005813727469923166,0.004287882107515953
2025-10-09,0.015836281324182702,0.0037653909772100693,0.006095438337726026,0.0044848874309690485
2025-10-10,0.008196568955964363,0.007426921731156355,0.0059761724656585205,0.012018628537303351
2025-10-13,0.006518085774509757,0.008159450713010188,0.012373364979761886,0.00828452376283226
2025-10-14,0.006310756469247244,0.008162516490146163,0.012883669925342255,0.008157559419921273
2025-10-15,0.007163231373588039,0.008198320749079504,0.011765921647172104,0.008018977381106188
2025-10-16,0.0061069121255755525,0.008270902514776522,0.01089392450085528,0.008637160894835487
2025-10-17,0.006423018757437182,0.008283279256650405,0.010324529193874799,0.006731687697395171
2025-10-20,0.006871742181575769,0.00856883339963563,0.00974606265282597,0.006686672832793938
2025-10-21,0.006605838532916818,0.008459415657051056,0.009946607207140034,0.00596582373834692
2025-10-22,0.004790528479339674,0.008531073589616377,0.009193418893811063,0.00683824696404117
2025-10-23,0.008438825313192165,0.008508524583478373,0.008796760088504899,0.005578402500749008
2025-10-24,0.00790924998130229,0.008579829790030325,0.00851070220850993,0.005525596727774234
2025-10-27,0.005287220734263969,0.008930238418223468,0.00853470362609282,0.005511986099607592
2025-10-28,0.0068415015830739405,0.008912764236339119,0.009315229681318924,0.00622364644245496
2025-10-29,0.007476431134275619,0.008907273302333443,0.008692007333133444,0.005678785696153304
2025-10-30,0.007801289824019555,0.009257868913090508,0.00810606453591757,0.006776013310669063
2025-10-31,0.007577464627861706,0.009264908285711195,0.008555494129776605,0.005706667332938038
2025-11-03,0.011320323143988764,0.00924513977525359,0.008054754105897916,0.0067037005203479305
2025-11-04,0.009418552146207902,0.009621035321871375,0.007587691910710023,0.011463037075405514
2025-11-05,0.009399699425776972,0.009569278971015567,0.008537484925570766,0.00957530889349709
2025-11-06,0.011372219582757527,0.009895060608126293,0.008101969831061689,0.012436549091476285
2025-11-07,0.011370454600873506,0.007509445871884583,0.008794843124014783,0.009068267070138027
2025-11-10,0.008001183497828005,0.0074902435708816325,0.008210908162965274,0.006759034257692276
2025-11-11,0.007084921451042058,0.0074606576474284935,0.009768844269390224,0.006541854580763731
2025-11-12,0.007983731448600866,0.007438903521601643,0.009076787292990156,0.007263933794878868
2025-11-13,0.00765891846684618,0.00831139419725687,0.008444911995133529,0.007808452541629059
2025-11-14,0.010390987311226839,0.008248787970264721,0.010271897562755934,0.007793998641588488
2025-11-17,0.01279939285754589,0.008162607570643143,0.009481987528298798,0.009029590462134994
2025-11-18,0.011980573432716956,0.008345873826331663,0.00950986332784335,0.011769647721371134
2025-11-19,0.012017223793685335,0.008337491660930582,0.009401613895949174,0.010870130079769261
2025-11-20,0.0038212610485275386,0.00886033662767889,0.008848255564856062,0.009240311065561467
2025-11-21,0.007516073739208239,0.008975831455531432,0.010296259644577617,0.009068635485888514
2025-11-24,0.005575834237905203,0.009249355154067333,0.01025210432569998,0.008554843577756797
2025-11-25,0.004715061353723355,0.009504055371052696,0.01123062201469033,0.008317377383085375
2025-11-26,0.004017777237889004,0.009662379321239275,0.010914312900210712,0.00842528497460876
2025-11-28,0.0034038377601302485,0.009484102815190371,0.010402673503738285,0.005927604685379145
2025-12-01,0.0025979207181812966,0.009543859505103138,0.009824514646450433,0.006394714924002442
2025-12-02,0.0025560147173370887,0.0095530571061336,0.009332221557126487,0.005865513600962303
2025-12-03,0.0037838641621937663,0.009169115930109712,0.008718629655520796,0.005480011230088405
2025-12-04,0.003810294288028561,0.009141760884859566,0.008216083792306149,0.005428567420913374
2025-12-05,0.006510105732819802,0.0087202832146308,0.007709439797226633,0.006539580333147554
2025-12-08,0.006402508962467779,0.008780120829175167,0.00730128924531665,0.006007888134919548
2025-12-09,0.006437933661025081,0.008100900263589454,0.007047272425250528,0.005324931530967991
2025-12-10,0.006030579419727754,0.00822763973203411,0.006704653432195328,0.00498406398719989
2025-12-11,0.007959654746240798,0.008237130357835642,0.0069356736256559436,0.004990721345048863
2025-12-12,0.008419043563877503,0.007675043801440501,0.0066531817222966645,0.008589646921736789
2025-12-15,0.008745864830834532,0.007687699939390739,0.007639546692157302,0.0066044180662897965
2025-12-16,0.00845872905605192,0.007374465102018315,0.00723044947001933,0.007334164199188056
2025-12-17,0.0023050800218098306,0.0076306698860077946,0.006918332279519709,0.008054057081719574
2025-12-18,0.003417286431530068,0.007771004721692168,0.008028348364386316,0.008427754214117393
2025-12-19,0.003966863344087232,0.006882426148930682,0.008152058192670253,0.006331040832057022
2025-12-22,0.0033110920635653065,0.006727376798589413,0.008386545145496005,0.005498636051840899
2025-12-23,0.003925228341425859,0.00599675946669729,0.008239732211116147,0.0052465682677052495
2025-12-24,0.0035202847469984143,0.00574913284623152,0.007921627020475186,0.0058935628421396625
2025-12-26,0.005223000192028365,0.005598737770114679,0.007551832862016876,0.005555575051196576
2025-12-29,0.005742999362732398,0.005574728859048699,0.0071300962668359065,0.005822113832329503
2025-12-30,0.0060357556262261285,0.00542815719623933,0.006907554079882539,0.005367798197020482
2025-12-31,0.0041650381980237235,0.00569167196239834,0.0066024851044689335,0.007972955331641385
2026-01-02,0.0045599205424419744,0.005668168685703773,0.0069571880791067745,0.006982752092774241
2026-01-05,0.00420390889127359,0.005836984967145664,0.006663856632246221,0.006403205328201001
2026-01-06,0.0038181753275883736,0.005974004071656398,0.0068429393165206345,0.005001239347306365
2026-01-07,0.004369880877828096,0.005972682369422174,0.006962130121875434,0.0055952718973075665
2026-01-08,0.004498540846276893,0.005964574738300774,0.006762735768201454,0.00541525021189126
2026-01-09,0.0031243602983037043,0.0059501197245541634,0.006456890908402989,0.005179297792651757
2026-01-12,0.009172894288529347,0.005944514678426292,0.006698129587636257,0.0052123872727363315
2026-01-13,0.011941082217279622,0.005364271046846264,0.0064316463701045564,0.005130237097653206
2026-01-14,0.012282213234735604,0.005522621205543242,0.006223781482756913,0.005613418250733877
2026-01-15,0.012187530003766892,0.005483208741407567,0.0063601844098435745,0.004878349404722105
2026-01-16,0.012466979227188106,0.004625545071904312,0.0061993799073731546,0.004851962387803928
2026-01-20,0.004032990863481703,0.006606002034099231,0.005985828650236646,0.011761136122201182
2026-01-21,0.002639789390076768,0.0068192273787905265,0.01001517641976426,0.008098872840124912
2026-01-22,0.0027593659593346536,0.006777833968956366,0.010301472663286952,0.007028443821926745
2026-01-23,0.0038571405536237603,0.00670262525971187,0.00974528242845082,0.007809884617969892
2026-01-26,0.003966623374518189,0.006758473525410508,0.009027550316521577,0.006201692996032381
2026-01-27,0.005125710152761417,0.0068142990164610584,0.008628477840040422,0.005980875420866591
2026-01-28,0.005206423740861026,0.006755325923045791,0.008216475641471663,0.005549027237420171
2026-01-29,0.006589017194825864,0.006754122319298206,0.007707292713456034,0.00546112642293414
2026-01-30,0.012827444237745938,0.006597832338925457,0.007287195723226591,0.006104629640136695
2026-02-02,0.012755386254708042,0.006677095547327968,0.007111239263685148,0.005396542851249247
2026-02-03,0.012131385010528824,0.006853643373744639,0.007077204675333797,0.006904230799811854
2026-02-04,0.011734289795945207,0.006791635628263153,0.0074904469862126285,0.006570483550066239
2026-02-05,0.012819490073210475,0.0072712584062409645,0.007354985905052707,0.008162415605732026
2026-02-06,0.007798578030744808,0.008586397088886463,0.008459793466764445,0.00622355269249413
2026-02-09,0.007060154134482832,0.008525996873455037,0.010993360959110165,0.006249469474697295
2026-02-10,0.008154186963144197,0.008548098193046267,0.010275199098401572,0.006895314265478103
2026-02-11,0.008103720153904379,0.008538918963223894,0.009575522470649323,0.007364132218646293
2026-02-12,0.0039680519308940695,0.009168385978769693,0.00888151770468503,0.008443033358503844
2026-02-13,0.007011932243327174,0.009141251173199553,0.010316290582512124,0.008680632025443297
2026-02-17,0.007816794866883234,0.009150285603605531,0.009528487126896247,0.009016072185784187
2026-02-18,0.008230962121423465,0.007912238729572984,0.008851497883812183,0.00723057981736788
2026-02-19,0.008663515517021292,0.007511892218175671,0.008533271889019792,0.007969200106602474
2026-02-20,0.008316694727702115,0.00757490915636845,0.008055795011619675,0.0055028199484061895
2026-02-23,0.006395372262991902,0.007922975391890186,0.008032829624062703,0.007717346552892989
2026-02-24,0.006722234387214995,0.008040995580299927,0.008572164139107998,0.0068044045636304696
2026-02-25,0.006579045294215138,0.008208652331294416,0.008544759827850497,0.005736819673271698
2026-02-26,0.006614124784704296,0.00828861279864026,0.008589368091839453,0.006890756659865476
2026-02-27,0.008328046097305909,0.008332085848592703,0.00829699071966923,0.0071102846049487444
2026-03-02,0.00996838926926614,0.008289636170534437,0.007958568291503466,0.006198602532366284
2026-03-03,0.009192600183082452,0.008408558320628125,0.007487491437235676,0.00916233867255834
2026-03-04,0.007852485421130092,0.008448719185646113,0.007985147560022438,0.008630618944709578
2026-03-05,0.00972246279821367,0.008466717906638183,0.00808671017412222,0.008568986005913097
